Workbook

Sheet Pres1
B1: Rúbrica | C1: Introducción | D1: Justificación del Problema | E1: Objetivos, Entregables, Alcances | F1: Metodología | G1: Descripción de los datos disponibles | H1: Revisión Bibliográfica y Gantt
B2: 0 | C2: No hay descripción de la empresa cliente ni de la industria | D2: Vaga descripción del problema a resolver | E2: No hay objetivos del proyecto | F2: Se copia alguna metodología analítica | G2: No hay descripcion de los datos | H2: No hay referencias de trabajos similares anteriores
B3: 0.5 | C3: Descripción de la empresa cliente, sin contexto de competidores | D3: Descripción del problema correcta, no hay innovación explícita en el proyecto | E3: Objetivos mal redactados y asociados a etapas | F3: Se hacen modificaciones mínimas a la metodología base de acuerdo al proyecto | G3: Existe una volumetría inicial respecto de número de registros, cantidad de variables y medición de la variable a modelar | H3: Muestran referencias sin describirlas o referencias con problemas de formato o elementos sin fundamento
B4: 1 | C4: Descripción de la empresa cliente y la industria | D4: Descripción del problema correcta, justificación, evaluación económica del potencial del proyecto, está explícita la innovación del proyecto | E4: Objetivos bien planteados, asociados a entregables, con KPI claros y medibles, | F4: Se especifican modelos, variables, kpi a pronosticar, formas e indicadores a evaluar del modelo | G4: Análisis descriptivo de las variables independientes y dependientes del modelo | H4: Usan referencias e ideas que podrían mejorar el diseño del proyecto. Planificación del proyecto
A5: Grupo | B5: Proyecto | C5: Introducción (20%) | D5: Justificación del Problema (20%) | E5: Objetivos, Entregables, Alcances (20%) | F5: Metodología (20%) | G5: Análisis Descriptivo de datos (10%) | H5: Revisión Bibliográfica y Gantt (10%) | I5: Nota Final | J5: Comentarios

Sheet Pres2
B1: Rúbrica | C1: Descripción del problema | D1: Objetivos, Entregables, Alcances | E1: Metodología | F1: Descripción y visualización de datos | G1: Pre-Procesamiento de Datos | H1: Evaluación Primera Solución
B2: 0 | C2: Vaga descripción del problema | D2: No hay objetivos del proyecto | E2: Se copia alguna metodología analítica | F2: Hay una descripción de las variables dependientes e independientes a usar | G2: No hay creación de nuevos atributos ni procesamiento de la data bruta existente | H2: hay solo una evaluación del error del modelo
B3: 0.5 | C3: Descripción del problema correcta, no hay innovación explícita en el proyecto | D3: Objetivos mal redactados y asociados a etapas | E3: Se hacen modificaciones mínimas a la metodología base de acuerdo al proyecto | F3: Hay estadística descriptiva argumentando relación entre variables dependientes e independientes | G3: Uso de ideas simples de normalizaciones y escalamientos | H3: se comparan distintas métricas de error y sobre distintos conjuntos de datos
B4: 1 | C4: Descripción del problema correcta, justificación, evaluación económica del potencial del proyecto, está explícita la innovación del proyecto | D4: Objetivos bien planteados, asociados a entregables, con KPI claros y medibles, | E4: Se especifican modelos, variables, kpi a pronosticar, formas de evaluar el modelo | F4: Muestran gráficos y análisis que fundan la capacidad de usar la data para predecir y resolver el problema planteado (Exploratory data analysis) | G4: Se describen procesamiento de datos, limpieza, detección de outliers, creación de atributos con sentido de negocio y/o uso de aprendizaje no supervisado para crear nuevos campos | H4: Existe evaluación del posible sobreajuste, significancia y correcto uso de parámetros. Se compara el método contra reglas simples que se usen actualmente para evaluar posibles beneficios
A5: Grupo | B5: Proyecto | C5: Descripción del problema (10%) | D5: Objetivos (10%) | E5: Metodología (20%) | F5: Descripción y visualización de datos (20%) | G5: Pre-Procesamiento de Datos (20%) | H5: Construcción Primera Solución (20%) | I5: Nota Final | J5: Comentarios

Sheet Pres3
B1: Rúbrica | C1: Descripción del problema | D1: Descripción y visualización de datos | E1: Comparación de Soluciones IA | F1: Análisis de Sensibilidad y Costos | G1: Conclusiones, trabajos futuros
B2: 0 | C2: Vaga descripción del problema de negocio a resolver | D2: hay una descripción de las variables dependientes e independientes a usar | E2: Se usa un solo una solución de IA | F2: No hay un vínculo entre uso del modelo y apoyo a la decisión de negocio | G2: No hay análisis de los resultados
B3: 0.5 | C3: Descripción del problema correcta, no hay innovación explícita en el proyecto | D3: hay estadística descriptiva argumentando relación entre variables dependientes e independientes | E3: Se comparan distintos modelos de IA | F3: Se hace una evaluación incorporando los costos del modelo al equivocarse y recomendación de operación | G3: Se evalua el cumplimiento de los objetivos del proyecto
B4: 1 | C4: Descripción del problema correcta, justificación, objetivos | D4: muestran gráficos y análisis que fundan la capacidad de usar la data para predecir y resolver el problema planteado (Exploratory data analysis) | E4: Se comparan distintas soluciones y evaluación de indicadores de errores y sobreajuste | F4: Se hacen recomendaciones optimizando costos y cut off del modelo. Se vincula con recomendación óptima, comparación con situación actual, y evaluación económica del proyecto | G4: Se evaluan los objetivos del proyecto, describiendo entregables, y posibles mejoras y extensiones del proyecto
A5: Grupo | B5: Proyecto | C5: Descripción del problema (5%) | D5: Descripción y visualización de datos (15%) | E5: Comparación de Soluciones IA (30%) | F5: Análisis de Sensibilidad y Costos (30%) | G5: Conclusiones, trabajos futuros (20%) | H5: Nota Final | I5: Comentarios

Sheet P3
B1: Rúbrica | C1: Problema y Causas | D1: Objetivos | E1: Soluciones | F1: KPI | G1: Presentación
B2: 0 | C2: No hay relacion entre el problema y las causas. No identifica causas. | D2: Los objetivos declarados no van acorde al problema y sus causas. No define objetivos especificos. | E2: No hay abanico de posibles soluciones o las propuestas son inconsecuente con lo que se esperaria para resolver el problema mencionado. | F2: No hay métricas o no tienen relación con los objetivos. | G2: No se entiende la mayoria de la presentación. Presenta de mala gana o entusiasmo muy bajo
B3: 1 | C3: Hay un claro diagnostico del problema, identificando las causas principales y cuales deben ser atacadas para resolver el problema. | D3: Objetivo general y especificos responden el que se va a hacer de forma clara, apuntando a resolver el problema y sus causas. | E3: Buen portafolio inicial de soluciones, justficando porqué son las alternativas adecuadas para el problema. | F3: Métricas adecuadas para medir el impacto de la mejora del problema. | G3: Volumen adecuado, ritmo apropiado, correcta dicción y apariencia personal. Entusiasmo, energía. Postura efectiva y uso de ayudas visuales
A4: Grupo | B4: Proyecto | C4: Problema y Causas (20%) | D4: Objetivos (30%) | E4: Soluciones (15%) | F4: KPI (20%) | G4: Presentación (15%) | H4: Nota Final | I4: Comentarios
A7: 1 | B7: =#REF! -> #REF! | H7: =(C7*0.2+D7*0.3+E7*0.15+F7*0.2+G7*0.15)*6+1 -> 1
A8: 2 | B8: =#REF! -> #REF! | H8: =(C8*0.2+D8*0.3+E8*0.15+F8*0.2+G8*0.15)*6+1 -> 1
A9: 3 | B9: =#REF! -> #REF! | H9: =(C9*0.2+D9*0.3+E9*0.15+F9*0.2+G9*0.15)*6+1 -> 1
A10: 4 | B10: =#REF! -> #REF! | H10: =(C10*0.2+D10*0.3+E10*0.15+F10*0.2+G10*0.15)*6+1 -> 1
A11: 5 | B11: =#REF! -> #REF! | H11: =(C11*0.2+D11*0.3+E11*0.15+F11*0.2+G11*0.15)*6+1 -> 1
A12: 6 | B12: =#REF! -> #REF! | H12: =(C12*0.2+D12*0.3+E12*0.15+F12*0.2+G12*0.15)*6+1 -> 1
A13: 7 | B13: =#REF! -> #REF! | H13: =(C13*0.2+D13*0.3+E13*0.15+F13*0.2+G13*0.15)*6+1 -> 1
A14: 8 | B14: =#REF! -> #REF! | H14: =(C14*0.2+D14*0.3+E14*0.15+F14*0.2+G14*0.15)*6+1 -> 1
A15: 9 | B15: =#REF! -> #REF! | H15: =(C15*0.2+D15*0.3+E15*0.15+F15*0.2+G15*0.15)*6+1 -> 1
A16: 10 | B16: =#REF! -> #REF! | H16: =(C16*0.2+D16*0.3+E16*0.15+F16*0.2+G16*0.15)*6+1 -> 1
A17: 11 | B17: =#REF! -> #REF! | H17: =(C17*0.2+D17*0.3+E17*0.15+F17*0.2+G17*0.15)*6+1 -> 1
A18: 12 | B18: =#REF! -> #REF! | H18: =(C18*0.2+D18*0.3+E18*0.15+F18*0.2+G18*0.15)*6+1 -> 1
... A20: 14 | B20: =#REF! -> #REF! | H20: =(C20*0.2+D20*0.3+E20*0.15+F20*0.2+G20*0.15)*6+1 -> 1

Sheet P4
B1: Rúbrica | C1: Problema | D1: Objetivo | E1: Presentación | F1: Ética | G1: Relevancia | H1: Solución | I1: Fuentes
B2: 0 | C2: No se identifica de manera clara un problema relacionado a la ingeniería; el enfoque no es adecuado con restecto a los modelos seleccionados. | D2: El diseño no tiene un objetivo claro; no existe claridad con respecto a la situación actual; no se definen ni entienden variables de carácter real en la propuesta. | E2: Bajo volumen o energía; ritmo muy acelerado o lento; mala dicción; gestos o posturas distraen; apariencia personal no profesional; ayudas visuales y materiales mal utilizados. | F2: El alumno no considera dimensiones éticas en su análisis o solución propuesta. | G2: No identifica un problema relevante en el área de ingeniería a nivel local, regional y/o global. | H2: No se identifican soluciones claras al problema diagnosticado. | I2: No se identifica el uso correcto de fuentes y referencias que justifiquen la información entregada en el proyecto.
B3: 1 | C3: Identifica un problema de ingeniería y selecciona modelos y aproximaciones apropiadas para el análisis en base al enfoque sistémico. | D3: Especifica necesidad e Identifica claramente las limitaciones y los criterios de aceptación, evaluación y posterior implementación del diseño. | E3: Buen volumen y energía; ritmo y dicción adecuados; evita gestos o posturas que distraigan; apariencia personal profesional; las ayudas visuales son utilizadas con eficacia. | F3: El alumno aborda dimensiones éticas relacionadas con la solución propuesta para el problema, las incorpora con éxito a sus recomendaciones . | G3: Identifica a nivel local, regional y/o global los problemas críticos y relevantes actuales en relación a la ingeniería. | H3: Propone formas de solución desde el punto de vista de ingeniería, resolviendo los objetivos planteados y validando los aspectos técnicos de los supuestos. | I3: Es competente en el uso de las fuentes y como se referencian. Identifica la información relevante para justificar los puntos importantes y críticos del proyecto.
A4: Grupo | B4: Proyecto | C4: Problema (20%) | D4: Objetivo (20%) | E4: Presentación (15%) | F4: Ética (10%) | G4: Relevancia (10%) | H4: Solución (20%) | I4: Fuentes (5%) | J4: Nota Final | K4: Comentarios
A7: 1 | B7: ='P3'!B7 -> #REF! | J7: =IF(F7="N",(C7*0.2+D7*0.2+E7*0.15+G7*0.2+H7*0.2+I7*0.05)*6+1,(C7*0.2+D7*0.2+E7*0.15+F7*0.1+G7*0.1+H7*0.2+I7*0.05)*6+1) -> 1
A8: 2 | B8: ='P3'!B8 -> #REF! | J8: =IF(F8="N",(C8*0.2+D8*0.2+E8*0.15+G8*0.2+H8*0.2+I8*0.05)*6+1,(C8*0.2+D8*0.2+E8*0.15+F8*0.1+G8*0.1+H8*0.2+I8*0.05)*6+1) -> 1
A9: 3 | B9: ='P3'!B9 -> #REF! | J9: =IF(F9="N",(C9*0.2+D9*0.2+E9*0.15+G9*0.2+H9*0.2+I9*0.05)*6+1,(C9*0.2+D9*0.2+E9*0.15+F9*0.1+G9*0.1+H9*0.2+I9*0.05)*6+1) -> 1
A10: 4 | B10: ='P3'!B10 -> #REF! | J10: =IF(F10="N",(C10*0.2+D10*0.2+E10*0.15+G10*0.2+H10*0.2+I10*0.05)*6+1,(C10*0.2+D10*0.2+E10*0.15+F10*0.1+G10*0.1+H10*0.2+I10*0.05)*6+1) -> 1
A11: 5 | B11: ='P3'!B11 -> #REF! | J11: =IF(F11="N",(C11*0.2+D11*0.2+E11*0.15+G11*0.2+H11*0.2+I11*0.05)*6+1,(C11*0.2+D11*0.2+E11*0.15+F11*0.1+G11*0.1+H11*0.2+I11*0.05)*6+1) -> 1
A12: 6 | B12: ='P3'!B12 -> #REF! | J12: =IF(F12="N",(C12*0.2+D12*0.2+E12*0.15+G12*0.2+H12*0.2+I12*0.05)*6+1,(C12*0.2+D12*0.2+E12*0.15+F12*0.1+G12*0.1+H12*0.2+I12*0.05)*6+1) -> 1
A13: 7 | B13: ='P3'!B13 -> #REF! | J13: =IF(F13="N",(C13*0.2+D13*0.2+E13*0.15+G13*0.2+H13*0.2+I13*0.05)*6+1,(C13*0.2+D13*0.2+E13*0.15+F13*0.1+G13*0.1+H13*0.2+I13*0.05)*6+1) -> 1
A14: 8 | B14: ='P3'!B14 -> #REF! | J14: =IF(F14="N",(C14*0.2+D14*0.2+E14*0.15+G14*0.2+H14*0.2+I14*0.05)*6+1,(C14*0.2+D14*0.2+E14*0.15+F14*0.1+G14*0.1+H14*0.2+I14*0.05)*6+1) -> 1
A15: 9 | B15: ='P3'!B15 -> #REF! | J15: =IF(F15="N",(C15*0.2+D15*0.2+E15*0.15+G15*0.2+H15*0.2+I15*0.05)*6+1,(C15*0.2+D15*0.2+E15*0.15+F15*0.1+G15*0.1+H15*0.2+I15*0.05)*6+1) -> 1
A16: 10 | B16: ='P3'!B16 -> #REF! | J16: =IF(F16="N",(C16*0.2+D16*0.2+E16*0.15+G16*0.2+H16*0.2+I16*0.05)*6+1,(C16*0.2+D16*0.2+E16*0.15+F16*0.1+G16*0.1+H16*0.2+I16*0.05)*6+1) -> 1
A17: 11 | B17: ='P3'!B17 -> #REF! | J17: =IF(F17="N",(C17*0.2+D17*0.2+E17*0.15+G17*0.2+H17*0.2+I17*0.05)*6+1,(C17*0.2+D17*0.2+E17*0.15+F17*0.1+G17*0.1+H17*0.2+I17*0.05)*6+1) -> 1
A18: 12 | B18: ='P3'!B18 -> #REF! | J18: =IF(F18="N",(C18*0.2+D18*0.2+E18*0.15+G18*0.2+H18*0.2+I18*0.05)*6+1,(C18*0.2+D18*0.2+E18*0.15+F18*0.1+G18*0.1+H18*0.2+I18*0.05)*6+1) -> 1
... A20: 14 | B20: ='P3'!B20 -> #REF! | J20: =IF(F20="N",(C20*0.2+D20*0.2+E20*0.15+G20*0.2+H20*0.2+I20*0.05)*6+1,(C20*0.2+D20*0.2+E20*0.15+F20*0.1+G20*0.1+H20*0.2+I20*0.05)*6+1) -> 1

Sheet Informe de Avance
B1: Rúbrica | C1: Introducción | D1: Problema | E1: Oportunidad | F1: Objetivos | G1: KPI | H1: Referencias | I1: Escritura
B2: 0 | C2: Contexto deficiente de la empresa e industria donde se realizara el proyecto. | D2: El problema y sus causas no quedan claramente definidas o no tienen relación entre ellas. | E2: No hay justificación de porqué se resolvera el problema. | F2: Los objetivos declarados no van acorde al problema y sus causas. No define objetivos especificos. | G2: No hay métricas o no tienen relación con los objetivos. | H2: No hay referencias o no estan estructuradas en el formato APA. | I2: No logra comunicarse efectivamente a través de la escritura de un reporte: no sigue un hilo conductor, no respeta estilo ni formato, contiene gran cantidad de errores gramaticales y/o de ortografía.
B3: 1 | C3: Se entiende los aspectos importantes de la empresa y su participación en la industria, justificando las razones de trabajar con el sponsor. | D3: Se explica claramente el problema y como las causas estan afectando la situación. | E3: Se identifica claramente una oportunidad a resolver o mejorar de forma justificada. | F3: Objetivo general y especificos responden el que se va a hacer de forma clara, apuntando a resolver el problema y sus causas. | G3: Métricas adecuadas para medir el impacto de la mejora del problema. | H3: Buenas referencias y correctamente estructuradas en APA. | I3: Logra comunicarse efectivamente a través de la escritura de un reporte de un proyecto siguiendo un orden lógico, respetando estilo, formato y reglas de gramática y ortografía.
A4: Grupo | B4: Proyecto | C4: Introducción (5%) | D4: Problema (20%) | E4: Oportunidad (10%) | F4: Objetivos (30%) | G4: KPI (15%) | H4: Referencias (5%) | I4: Escritura (15%) | J4: Nota Final | K4: Comentarios
A7: 1 | B7: =#REF! -> #REF! | J7: =(C7*0.05+D7*0.2+E7*0.1+F7*0.3+G7*0.15+H7*0.05+I7*0.15)*6+1 -> 1
A8: 2 | B8: =#REF! -> #REF! | J8: =(C8*0.05+D8*0.2+E8*0.1+F8*0.3+G8*0.15+H8*0.05+I8*0.15)*6+1 -> 1
A9: 3 | B9: =#REF! -> #REF! | J9: =(C9*0.05+D9*0.2+E9*0.1+F9*0.3+G9*0.15+H9*0.05+I9*0.15)*6+1 -> 1
A10: 4 | B10: =#REF! -> #REF! | J10: =(C10*0.05+D10*0.2+E10*0.1+F10*0.3+G10*0.15+H10*0.05+I10*0.15)*6+1 -> 1
A11: 5 | B11: =#REF! -> #REF! | J11: =(C11*0.05+D11*0.2+E11*0.1+F11*0.3+G11*0.15+H11*0.05+I11*0.15)*6+1 -> 1
A12: 6 | B12: =#REF! -> #REF! | J12: =(C12*0.05+D12*0.2+E12*0.1+F12*0.3+G12*0.15+H12*0.05+I12*0.15)*6+1 -> 1
A13: 7 | B13: =#REF! -> #REF! | J13: =(C13*0.05+D13*0.2+E13*0.1+F13*0.3+G13*0.15+H13*0.05+I13*0.15)*6+1 -> 1
A14: 8 | B14: =#REF! -> #REF! | J14: =(C14*0.05+D14*0.2+E14*0.1+F14*0.3+G14*0.15+H14*0.05+I14*0.15)*6+1 -> 1
A15: 9 | B15: =#REF! -> #REF! | J15: =(C15*0.05+D15*0.2+E15*0.1+F15*0.3+G15*0.15+H15*0.05+I15*0.15)*6+1 -> 1
A16: 10 | B16: =#REF! -> #REF! | J16: =(C16*0.05+D16*0.2+E16*0.1+F16*0.3+G16*0.15+H16*0.05+I16*0.15)*6+1 -> 1
A17: 11 | B17: =#REF! -> #REF! | J17: =(C17*0.05+D17*0.2+E17*0.1+F17*0.3+G17*0.15+H17*0.05+I17*0.15)*6+1 -> 1
A18: 12 | B18: =#REF! -> #REF! | J18: =(C18*0.05+D18*0.2+E18*0.1+F18*0.3+G18*0.15+H18*0.05+I18*0.15)*6+1 -> 1
A19: 13 | J19: =(C19*0.05+D19*0.2+E19*0.1+F19*0.3+G19*0.15+H19*0.05+I19*0.15)*6+1 -> 1
A20: 14 | J20: =(C20*0.05+D20*0.2+E20*0.1+F20*0.3+G20*0.15+H20*0.05+I20*0.15)*6+1 -> 1

Sheet Informe Final
B1: Rúbrica | C1: Problema | D1: Objetivos | E1: KPI | F1: Metodologías | G1: Discusión y Planificación | H1: Referencias | I1: Escritura
B2: 0 | C2: El problema y sus causas no quedan claramente definidas o no tienen relación entre ellas. | D2: Los objetivos declarados no van acorde al problema y sus causas. No define objetivos especificos. | E2: No hay métricas o no tienen relación con los objetivos. | F2: No hay estado del arte o es incompleto, ademas de una baja explicacion de los modelos a utilizar para resolver el problema; soluciones no adecuadas al problema. | G2: Se muestra una planificación poco clara o muy general sobre como abordar los desafíos del próximo periodo. | H2: No hay referencias o no estan estructuradas en el formato APA. | I2: No logra comunicarse efectivamente a través de la escritura de un reporte: no sigue un hilo conductor, no respeta estilo ni formato, contiene gran cantidad de errores gramaticales y/o de ortografía.
B3: 1 | C3: Se explica claramente el problema y como las causas estan afectando la situación. | D3: Objetivo general y especificos responden el que se va a hacer de forma clara, apuntando a resolver el problema y sus causas. | E3: Métricas adecuadas para medir el impacto de la mejora del problema. | F3: Hay un análisis claro del estado del arte y las herramientas ingenieriles que se requieren utilizar para resovler correctamente el problema diagnosticado. | G3: Entendimiento claro de las dificultades vividas y como superarlas, siendo claros en las actividades importantes ha desarrollar en el próximo periodo. | H3: Buenas referencias y correctamente estructuradas en APA. | I3: Logra comunicarse efectivamente a través de la escritura de un reporte de un proyecto siguiendo un orden lógico, respetando estilo, formato y reglas de gramática y ortografía.
A4: Grupo | B4: Proyecto | C4: Problema (15%) | D4: Objetivos (15%) | E4: KPI (10%) | F4: Metodologías (30%) | G4: Discusión y Planificación (10%) | H4: Referencias (5%) | I4: Escritura (15%) | J4: Nota Final | K4: Comentarios
A7: 1 | B7: =#REF! -> #REF! | J7: =(C7*0.15+D7*0.15+E7*0.1+F7*0.3+G7*0.1+H7*0.05+I7*0.15)*6+1 -> 1
A8: 2 | B8: =#REF! -> #REF! | J8: =(C8*0.15+D8*0.15+E8*0.1+F8*0.3+G8*0.1+H8*0.05+I8*0.15)*6+1 -> 1
A9: 3 | B9: =#REF! -> #REF! | J9: =(C9*0.15+D9*0.15+E9*0.1+F9*0.3+G9*0.1+H9*0.05+I9*0.15)*6+1 -> 1
A10: 4 | B10: =#REF! -> #REF! | J10: =(C10*0.15+D10*0.15+E10*0.1+F10*0.3+G10*0.1+H10*0.05+I10*0.15)*6+1 -> 1
A11: 5 | B11: =#REF! -> #REF! | J11: =(C11*0.15+D11*0.15+E11*0.1+F11*0.3+G11*0.1+H11*0.05+I11*0.15)*6+1 -> 1
A12: 6 | B12: =#REF! -> #REF! | J12: =(C12*0.15+D12*0.15+E12*0.1+F12*0.3+G12*0.1+H12*0.05+I12*0.15)*6+1 -> 1
A13: 7 | B13: =#REF! -> #REF! | J13: =(C13*0.15+D13*0.15+E13*0.1+F13*0.3+G13*0.1+H13*0.05+I13*0.15)*6+1 -> 1
A14: 8 | B14: =#REF! -> #REF! | J14: =(C14*0.15+D14*0.15+E14*0.1+F14*0.3+G14*0.1+H14*0.05+I14*0.15)*6+1 -> 1
A15: 9 | B15: =#REF! -> #REF! | J15: =(C15*0.15+D15*0.15+E15*0.1+F15*0.3+G15*0.1+H15*0.05+I15*0.15)*6+1 -> 1
A16: 10 | B16: =#REF! -> #REF! | J16: =(C16*0.15+D16*0.15+E16*0.1+F16*0.3+G16*0.1+H16*0.05+I16*0.15)*6+1 -> 1
A17: 11 | B17: =#REF! -> #REF! | J17: =(C17*0.15+D17*0.15+E17*0.1+F17*0.3+G17*0.1+H17*0.05+I17*0.15)*6+1 -> 1
A18: 12 | B18: =#REF! -> #REF! | J18: =(C18*0.15+D18*0.15+E18*0.1+F18*0.3+G18*0.1+H18*0.05+I18*0.15)*6+1 -> 1
A19: 13 | J19: =(C19*0.15+D19*0.15+E19*0.1+F19*0.3+G19*0.1+H19*0.05+I19*0.15)*6+1 -> 1
A20: 14 | J20: =(C20*0.15+D20*0.15+E20*0.1+F20*0.3+G20*0.1+H20*0.05+I20*0.15)*6+1 -> 1

Sheet Turnos
A1: Presentación 1
A2: 26 de marzo | B2: 2 de abril
A3: Grupo 1 | B3: Grupo 7
A4: Grupo 2 | B4: Grupo 8
A5: Grupo 3 | B5: Grupo 9
A6: Grupo 4 | B6: Grupo 10
A7: Grupo 5 | B7: Grupo 11
A8: Grupo 6 | B8: Grupo 12
